﻿<StudentList>
  <Students>
    <Student>
      <ID>745</ID>
      <Name>Rames</Name>
      <Surname>Noyr</Surname>
      <Age>40</Age>
      <Course>Computer Application</Course>
    </Student>
    <Student>
      <ID>746</ID>
      <Name>Ramesh2</Name>
      <Surname>Roy</Surname>
      <Age>42</Age>
      <Course>Computer Application</Course>
    </Student>
    <Student>
      <ID>747</ID>
      <Name>Ramesh</Name>
      <Surname>Deo</Surname>
      <Age>45</Age>
      <Course>Computer Application</Course>
    </Student>
  </Students>
</StudentList>
<!--
<?xml version="1.0" encoding="utf-16"?>
<StudentList xmlns:xsi="http://www.w3.org/2001/XMLSchema-instance" xmlns:xsd="http://www.w3.org/2001/XMLSchema">
  <Students>
    <Student>
      <ID>745</ID>
      <Name>Rames</Name>
      <Surname>Noyr</Surname>
      <Age>40</Age>
      <Course>Computer Application</Course>
    </Student>
    <Student>
      <ID>746</ID>
      <Name>Rames2</Name>
      <Surname>Noyr</Surname>
      <Age>42</Age>
      <Course>Computer Application</Course>
    </Student>
    <Student>
      <ID>747</ID>
      <Name>Rames3</Name>
      <Surname>du P1reez</Surname>
      <Age>45</Age>
      <Course>Computer Application</Course>
    </Student>
  </Students>
</StudentList>
-->